{
 "results": [
  {
   "alternatives": [
    {
     "confidence": 0.943,
     "transcript": "we had a case where we had an African American guy who is a fan of mine "
    }
   ],
   "final": true
  },
  {
   "alternatives": [
    {
     "confidence": 0.844,
     "transcript": "great fit great guy fact I want to find out what's going on with him you know what I mean I look at my African American over here look at him are you the greatest you know what I'm talking about okay so "
    }
   ],
   "final": true
  }
 ],
 "result_index": 0
}